1,CE,98796599,Andrés López López,81,Medellín,whatsapp,,3,activo,2025-10-20 17:32:38
2,CE,40216310,Felipe Rodríguez Rodríguez,54,Cartagena,telefono,,3,activo,2025-10-20 05:46:38
3,TI,38368443,Laura López García,62,Bogotá,telefono,,3,activo,2025-10-20 17:34:38
4,CE,92749391,Sofía Gómez García,33,Neiva,whatsapp,,3,activo,2025-10-21 00:21:38
5,CE,82713899,Camila Gómez Sánchez,35,Ibagué,telefono,27.0,3,activo,2025-10-20 15:06:38
6,CC,27593505,Ana García Rodríguez,69,Pasto,web,,3,activo,2025-10-20 15:03:38
7,CC,101186281,Carlos Pérez Sánchez,74,Villavicencio,whatsapp,13.0,3,activo,2025-10-21 03:08:38
8,CE,27307181,Juan López López,25,Cúcuta,web,34.0,3,activo,2025-10-20 09:55:38
9,CE,17598656,Camila López García,90,Pereira,web,,3,activo,2025-10-20 14:21:38
10,CE,106996726,Sofía Rodríguez Torres,24,Barranquilla,web,,3,activo,2025-10-20 09:31:38
11,CE,68348100,Laura Pérez Torres,86,Cali,telefono,,3,activo,2025-10-20 07:41:38
12,CC,53254231,Daniela Sánchez López,48,Ibagué,web,,3,activo,2025-10-20 10:32:38
13,CC,113615648,Juan Hernández Sánchez,77,Santa Marta,telefono,,3,activo,2025-10-20 16:40:38
14,CC,13427039,Daniela García Pérez,41,Cali,whatsapp,1.0,3,activo,2025-10-20 10:12:38
15,CC,85903132,Camila López López,35,Manizales,whatsapp,10.0,3,activo,2025-10-20 22:11:38
16,CE,117896868,Sofía Pérez Torres,38,Bucaramanga,web,,3,activo,2025-10-20 21:15:38
17,CC,106761593,Felipe García Martínez,38,Bucaramanga,telefono,31.0,3,activo,2025-10-20 08:13:38
18,CE,102441096,María Rodríguez Pérez,30,Cartagena,web,,3,activo,2025-10-20 09:48:38
19,CE,28562326,Ana López Sánchez,53,Pereira,telefono,,3,activo,2025-10-20 11:49:38
20,TI,74863590,Andrés García Rodríguez,19,Cali,telefono,,3,activo,2025-10-20 08:41:38
21,CE,68574966,Daniela Torres Torres,74,Armenia,whatsapp,,3,activo,2025-10-21 03:29:38
22,TI,62794229,Laura Hernández Hernández,18,Pereira,web,,3,activo,2025-10-21 04:26:38
23,CC,76137548,Sofía Sánchez Sánchez,37,Cartagena,telefono,,3,activo,2025-10-20 08:06:38
24,CE,63929902,Laura Sánchez Gómez,22,Pereira,web,,3,activo,2025-10-20 05:33:38
25,CC,54970734,Daniela García Martínez,66,Bogotá,whatsapp,,3,activo,2025-10-20 21:19:38
26,TI,49931273,María Martínez Sánchez,78,Pasto,telefono,,3,activo,2025-10-21 04:10:38
27,TI,32414961,Camila Sánchez Pérez,64,Bogotá,whatsapp,,3,activo,2025-10-20 13:17:38
28,CC,42898142,Camila Hernández Ramírez,19,Villavicencio,web,,3,activo,2025-10-20 23:59:38
29,TI,19525938,Laura Torres Sánchez,70,Villavicencio,telefono,,3,activo,2025-10-20 20:29:38
30,CC,88795817,Daniela Sánchez Torres,84,Cúcuta,whatsapp,,3,activo,2025-10-21 01:53:38
31,CE,14614633,Daniela Torres García,82,Armenia,telefono,,3,activo,2025-10-20 09:00:38
32,CE,49808824,Ana Martínez Martínez,71,Bogotá,whatsapp,,3,activo,2025-10-21 00:34:38
33,CC,106448998,Felipe Torres Ramírez,30,Manizales,telefono,25.0,3,activo,2025-10-21 00:59:38
34,TI,55558092,Ana López Gómez,54,Cali,telefono,,3,activo,2025-10-20 18:12:38
35,CC,35918591,Daniela Ramírez López,38,Cali,web,,3,activo,2025-10-20 05:35:38
36,TI,71887143,Felipe Sánchez Rodríguez,68,Pasto,whatsapp,,3,activo,2025-10-20 17:48:38
37,CC,54268735,Felipe López Rodríguez,79,Cartagena,telefono,34.0,3,activo,2025-10-20 07:17:38
38,TI,96226007,Andrés Pérez López,50,Medellín,whatsapp,,3,activo,2025-10-20 05:37:38
39,TI,69568885,Daniela López Torres,72,Armenia,whatsapp,44.0,3,activo,2025-10-20 11:51:38
40,CC,37022137,Camila Rodríguez Gómez,74,Pereira,whatsapp,,3,activo,2025-10-20 08:15:38
41,CE,27771564,María Rodríguez Pérez,67,Medellín,telefono,,3,activo,2025-10-21 02:35:38
42,CE,77009843,Felipe Pérez García,53,Villavicencio,whatsapp,,3,activo,2025-10-20 15:34:38
43,CE,46855808,María Gómez Gómez,78,Villavicencio,whatsapp,,3,activo,2025-10-20 20:45:38
44,CE,101710081,María García Rodríguez,34,Santa Marta,whatsapp,,3,activo,2025-10-20 11:19:38
45,CE,44898234,Carlos Ramírez Torres,50,Neiva,whatsapp,7.0,3,activo,2025-10-20 23:28:38
46,TI,67149990,María Ramírez Hernández,70,Popayán,telefono,13.0,3,activo,2025-10-20 11:23:38
47,CE,36036342,María Torres López,49,Popayán,whatsapp,,3,activo,2025-10-21 04:46:38
48,CC,117013621,Andrés Gómez Ramírez,40,Cartagena,whatsapp,,3,activo,2025-10-21 03:22:38
49,CE,99653875,Daniela Gómez Torres,45,Manizales,telefono,,3,activo,2025-10-21 03:05:38
50,CC,46606003,Andrés Martínez Ramírez,80,Cali,whatsapp,,3,activo,2025-10-20 09:47:38
51,CE,52650793,María Sánchez Hernández,19,Barranquilla,whatsapp,,3,activo,2025-10-20 11:28:38
52,TI,53200401,Sofía Hernández Torres,19,Neiva,whatsapp,,3,activo,2025-10-20 12:03:38
53,CC,32627200,Daniela López López,73,Bogotá,whatsapp,,3,activo,2025-10-21 00:39:38
54,CE,79871671,Laura Torres Gómez,35,Medellín,web,6.0,3,activo,2025-10-20 11:20:38
55,TI,71718187,Sofía López Ramírez,74,Pereira,whatsapp,15.0,3,activo,2025-10-20 10:12:38
56,CC,78918830,Camila López Ramírez,57,Santa Marta,whatsapp,,3,activo,2025-10-20 07:02:38
57,TI,79793180,Camila Ramírez López,58,Bucaramanga,telefono,34.0,3,activo,2025-10-20 08:45:38
58,CC,108895469,Andrés Ramírez Pérez,72,Ibagué,web,50.0,3,activo,2025-10-20 23:42:38
59,CC,23241515,Sofía Hernández Gómez,84,Armenia,telefono,,3,activo,2025-10-20 19:27:38
60,CE,22384634,Felipe Rodríguez Sánchez,29,Neiva,whatsapp,,3,activo,2025-10-20 07:01:38
61,TI,51930862,Camila Torres Ramírez,61,Cartagena,telefono,,3,activo,2025-10-20 17:06:38
62,TI,29382612,Ana Sánchez Rodríguez,76,Bogotá,telefono,,3,activo,2025-10-21 00:53:38
63,CC,105083788,Camila García López,25,Bogotá,whatsapp,,3,activo,2025-10-20 13:21:38
64,TI,53347060,Laura Rodríguez Sánchez,75,Santa Marta,telefono,,3,activo,2025-10-20 13:32:38
65,TI,93794171,María Sánchez Hernández,87,Popayán,whatsapp,,3,activo,2025-10-21 02:48:38
66,TI,87984645,Laura García Ramírez,25,Cali,whatsapp,,3,activo,2025-10-20 12:35:38
67,TI,78682759,Sofía Pérez Hernández,51,Neiva,telefono,,3,activo,2025-10-20 12:11:38
68,CC,41916348,Daniela Pérez Rodríguez,28,Bogotá,telefono,,3,activo,2025-10-20 15:50:38
69,TI,21840119,Felipe Ramírez Rodríguez,60,Barranquilla,web,,3,activo,2025-10-20 07:52:38
70,CC,97087978,Sofía Gómez Pérez,35,Neiva,web,,3,activo,2025-10-20 12:00:38
71,CC,89118626,Felipe Martínez Pérez,79,Medellín,whatsapp,38.0,3,activo,2025-10-20 21:57:38
72,TI,50773757,Daniela Sánchez Gómez,73,Manizales,telefono,46.0,3,activo,2025-10-20 06:49:38
73,TI,65534692,Felipe Hernández Hernández,83,Cúcuta,web,,3,activo,2025-10-20 13:44:38
74,TI,23631328,Juan Hernández Rodríguez,48,Villavicencio,whatsapp,,3,activo,2025-10-20 14:21:38
75,CE,27042748,Carlos Ramírez Sánchez,22,Cúcuta,whatsapp,,3,activo,2025-10-20 14:25:38
76,CE,78330356,Felipe Hernández Rodríguez,57,Manizales,telefono,18.0,3,activo,2025-10-21 03:55:38
77,CC,40443496,Andrés Gómez Hernández,31,Pasto,web,,3,activo,2025-10-21 03:41:38
78,TI,15029740,Daniela Sánchez Sánchez,27,Santa Marta,whatsapp,,3,activo,2025-10-20 11:13:38
79,TI,45837422,Andrés Pérez Ramírez,56,Santa Marta,telefono,10.0,3,activo,2025-10-20 07:38:38
80,CE,107392306,Camila López Gómez,47,Armenia,whatsapp,,3,activo,2025-10-21 04:36:38
81,CE,77918454,Ana Rodríguez García,45,Ibagué,web,,3,activo,2025-10-20 13:04:38
82,TI,68946043,Ana Rodríguez Ramírez,36,Popayán,telefono,,3,activo,2025-10-20 08:55:38
83,CE,104653129,Laura Martínez Hernández,89,Pereira,whatsapp,37.0,3,activo,2025-10-20 18:08:38
84,CE,94131537,Laura Ramírez Hernández,88,Bucaramanga,web,48.0,3,activo,2025-10-21 03:05:38
85,CE,116664057,Camila Sánchez López,56,Ibagué,telefono,,3,activo,2025-10-20 22:22:38
86,TI,21050290,Sofía López Torres,54,Bucaramanga,whatsapp,48.0,3,activo,2025-10-20 10:51:38
87,CC,20324372,Felipe Rodríguez Pérez,38,Ibagué,web,,3,activo,2025-10-21 05:00:38
88,CE,46702832,Sofía Pérez Gómez,47,Cali,telefono,,3,activo,2025-10-21 02:04:38
89,TI,27241808,Daniela Martínez Ramírez,21,Armenia,telefono,32.0,3,activo,2025-10-20 19:37:38
90,CC,67009298,Andrés Gómez Torres,21,Pasto,whatsapp,,3,activo,2025-10-20 22:34:38
91,CE,60615059,Sofía Sánchez Rodríguez,42,Neiva,telefono,,3,activo,2025-10-20 10:24:38
92,CE,110207692,Camila Hernández López,35,Neiva,telefono,,3,activo,2025-10-21 05:23:38
93,CE,92371910,Daniela Ramírez Gómez,46,Medellín,web,,3,activo,2025-10-21 00:53:38
94,CE,75528067,Andrés Torres Gómez,46,Pereira,web,,3,activo,2025-10-20 10:32:38
95,CE,119287116,Camila Rodríguez López,56,Popayán,web,,3,activo,2025-10-21 00:20:38
96,CE,63076788,Andrés Pérez López,76,Bogotá,whatsapp,16.0,3,activo,2025-10-21 03:18:38
97,CE,39284333,Carlos Torres Torres,34,Neiva,web,25.0,3,activo,2025-10-20 12:44:38
98,TI,34522612,Sofía Sánchez Pérez,38,Neiva,whatsapp,,3,activo,2025-10-20 09:33:38
99,CE,10332878,Juan García García,88,Cali,whatsapp,,3,activo,2025-10-20 22:03:38
100,TI,63597191,Sofía Martínez Martínez,50,Pereira,web,,3,activo,2025-10-20 06:07:38
101,CE,58479068,Laura Pérez Rodríguez,26,Manizales,telefono,31.0,3,activo,2025-10-20 21:28:38
102,CC,25362119,Laura Torres Sánchez,63,Popayán,whatsapp,,3,activo,2025-10-21 00:22:38
103,TI,11084107,Laura Gómez Torres,35,Santa Marta,telefono,,3,activo,2025-10-21 03:16:38
104,TI,36081078,María Ramírez García,30,Pasto,whatsapp,,3,activo,2025-10-20 14:56:38
105,CC,51878595,Ana Torres Rodríguez,49,Medellín,telefono,45.0,3,activo,2025-10-20 13:03:38
106,CC,94732636,Carlos Gómez Sánchez,70,Cali,whatsapp,28.0,3,activo,2025-10-20 11:11:38
107,TI,80397937,Andrés Pérez López,69,Cali,telefono,,3,activo,2025-10-20 08:27:38
108,TI,10308646,Juan Pérez Torres,88,Cúcuta,web,,3,activo,2025-10-20 15:34:38
109,CC,104855527,Ana Gómez Pérez,51,Pereira,telefono,,3,activo,2025-10-20 16:44:38
110,TI,102795783,Andrés Gómez García,60,Medellín,web,12.0,3,activo,2025-10-20 14:42:38
111,CC,64185820,Camila Sánchez Gómez,37,Bucaramanga,web,,3,activo,2025-10-20 19:34:38
112,CE,66964001,Ana Hernández Ramírez,30,Cúcuta,web,48.0,3,activo,2025-10-21 04:47:38
113,CE,41152898,Daniela Martínez Martínez,22,Cartagena,web,,3,activo,2025-10-21 04:10:38
114,CC,99020563,Daniela Gómez Rodríguez,21,Bucaramanga,telefono,,3,activo,2025-10-20 07:05:38
115,CC,40578143,Juan García Martínez,30,Pereira,web,,3,activo,2025-10-20 21:49:38
116,CE,65260181,Laura García Martínez,50,Neiva,telefono,,3,activo,2025-10-20 21:08:38
117,CE,116441541,María Martínez López,74,Pasto,web,,3,activo,2025-10-20 19:16:38
118,CC,68688769,Sofía Sánchez Hernández,63,Ibagué,telefono,12.0,3,activo,2025-10-20 09:32:38
119,CC,54910371,Juan Pérez Pérez,69,Villavicencio,whatsapp,,3,activo,2025-10-20 17:17:38
120,CC,59624581,Ana Ramírez Gómez,67,Cúcuta,whatsapp,,3,activo,2025-10-20 12:47:38
121,CC,43448882,Camila Torres García,65,Ibagué,telefono,,3,activo,2025-10-20 13:18:38
122,TI,52651808,Ana García Hernández,73,Pasto,web,,3,activo,2025-10-20 16:00:38
123,CE,37185528,Camila Sánchez Torres,37,Ibagué,telefono,,3,activo,2025-10-20 20:55:38
124,TI,103662786,Camila Hernández Ramírez,76,Pasto,web,,3,activo,2025-10-21 00:06:38
125,CE,77137222,Camila Hernández Torres,88,Cúcuta,web,43.0,3,activo,2025-10-20 15:25:38
126,TI,73134531,Daniela Hernández Torres,55,Ibagué,web,47.0,3,activo,2025-10-21 00:25:38
127,CE,114906124,Felipe Hernández Sánchez,30,Cali,telefono,15.0,3,activo,2025-10-21 02:36:38
128,CC,73287732,Juan Gómez Rodríguez,66,Bogotá,web,14.0,3,activo,2025-10-21 00:59:38
129,CE,108236034,Laura Torres Hernández,35,Ibagué,whatsapp,,3,activo,2025-10-20 10:28:38
130,CE,63265725,Juan García López,56,Cartagena,web,,3,activo,2025-10-20 22:44:38
131,CC,119514244,Ana Torres Rodríguez,69,Bucaramanga,web,,3,activo,2025-10-20 17:41:38
132,CE,86860780,Laura Ramírez Rodríguez,45,Cartagena,whatsapp,,3,activo,2025-10-21 05:03:38
133,CE,21869032,Daniela Pérez Sánchez,90,Barranquilla,telefono,,3,activo,2025-10-20 19:28:38
134,CC,90541689,Carlos Gómez Rodríguez,60,Bogotá,telefono,,3,activo,2025-10-20 21:59:38
135,TI,43138157,Daniela Torres López,69,Barranquilla,whatsapp,,3,activo,2025-10-21 01:34:38
136,CE,46493377,Ana Sánchez Pérez,47,Medellín,telefono,,3,activo,2025-10-20 21:43:38
137,TI,116990646,Laura Rodríguez Gómez,90,Pereira,whatsapp,7.0,3,activo,2025-10-21 03:53:38
138,TI,22232724,Carlos Pérez Gómez,50,Ibagué,web,,3,activo,2025-10-21 02:55:38
139,TI,85406370,Camila Pérez Rodríguez,37,Cali,whatsapp,20.0,3,activo,2025-10-21 04:07:38
140,CC,26373743,Ana López Ramírez,55,Medellín,whatsapp,,3,activo,2025-10-20 21:02:38
141,CE,36505555,Carlos Pérez Gómez,44,Cúcuta,telefono,,3,activo,2025-10-21 03:24:38
142,CC,82953400,Camila Gómez Rodríguez,30,Popayán,telefono,,3,activo,2025-10-20 12:52:38
143,CC,28150476,Carlos Torres López,32,Popayán,whatsapp,,3,activo,2025-10-20 12:32:38
144,TI,117777407,Carlos López Rodríguez,84,Cartagena,web,,3,activo,2025-10-20 23:56:38
145,CE,103576651,Carlos Torres Hernández,35,Cartagena,web,,3,activo,2025-10-20 18:37:38
146,CC,91228073,Carlos Hernández Ramírez,72,Popayán,whatsapp,,3,activo,2025-10-20 19:23:38
147,CC,115019654,Daniela López Martínez,66,Medellín,web,,3,activo,2025-10-20 07:00:38
148,CC,55032119,Ana García Gómez,48,Cartagena,web,,3,activo,2025-10-21 02:51:38
149,CE,55249515,Juan García Martínez,50,Ibagué,whatsapp,5.0,3,activo,2025-10-20 10:44:38
150,TI,58759172,Laura Sánchez Rodríguez,35,Popayán,telefono,,3,activo,2025-10-21 05:22:38
151,CE,67165857,Camila Torres López,85,Santa Marta,telefono,,3,activo,2025-10-20 11:40:38
152,CE,99041118,Camila Hernández García,75,Manizales,telefono,7.0,3,activo,2025-10-20 14:40:38
153,CE,30946328,Camila Pérez Martínez,29,Pasto,whatsapp,,3,activo,2025-10-20 14:08:38
154,CE,13027327,María Rodríguez López,19,Villavicencio,telefono,,3,activo,2025-10-20 16:23:38
155,TI,66502886,Juan López Gómez,83,Armenia,telefono,,3,activo,2025-10-20 16:32:38
156,CE,82678279,Daniela Gómez López,70,Santa Marta,telefono,,3,activo,2025-10-21 05:19:38
157,CC,35793154,Felipe Rodríguez Rodríguez,70,Popayán,web,,3,activo,2025-10-20 13:20:38
158,TI,30806860,Laura Gómez Ramírez,40,Bucaramanga,whatsapp,36.0,3,activo,2025-10-20 23:16:38
159,TI,89330095,Daniela López Gómez,63,Popayán,whatsapp,,3,activo,2025-10-20 22:52:38
160,CC,60066663,Carlos Rodríguez Hernández,32,Armenia,web,49.0,3,activo,2025-10-20 14:00:38
161,CC,112830035,Felipe Torres Martínez,36,Bogotá,whatsapp,,3,activo,2025-10-20 14:19:38
162,CC,90368898,Sofía Ramírez Hernández,89,Ibagué,web,45.0,3,activo,2025-10-20 12:44:38
163,TI,48614230,Andrés Hernández López,31,Cartagena,web,5.0,3,activo,2025-10-20 19:12:38
164,CE,73019381,Felipe Pérez Sánchez,51,Cúcuta,web,49.0,3,activo,2025-10-21 02:11:38
165,TI,39967148,María Pérez Hernández,89,Cartagena,whatsapp,6.0,3,activo,2025-10-20 06:26:38
166,CE,84935254,Daniela Rodríguez Martínez,47,Popayán,whatsapp,,3,activo,2025-10-20 06:27:38
167,TI,64022294,Daniela Torres Gómez,48,Manizales,web,,3,activo,2025-10-20 20:53:38
168,TI,86794695,Laura Gómez Ramírez,65,Cúcuta,whatsapp,,3,activo,2025-10-20 12:37:38
169,TI,95581622,María López García,73,Bucaramanga,whatsapp,,3,activo,2025-10-20 15:08:38
170,CE,71699587,Ana Hernández Sánchez,60,Ibagué,web,,3,activo,2025-10-20 16:11:38
171,CC,69614060,Camila Rodríguez Hernández,58,Villavicencio,whatsapp,,3,activo,2025-10-20 15:49:38
172,CC,95230710,María Ramírez López,63,Cali,whatsapp,,3,activo,2025-10-21 00:40:38
173,CE,46151981,Laura Sánchez Sánchez,68,Popayán,web,,3,activo,2025-10-20 07:35:38
174,TI,34720986,Ana Martínez López,54,Cúcuta,web,,3,activo,2025-10-20 11:18:38
175,CE,105219162,Juan López Rodríguez,28,Pereira,web,,3,activo,2025-10-20 20:06:38
176,CE,52322243,Sofía López Torres,86,Cúcuta,telefono,26.0,3,activo,2025-10-20 18:16:38
177,CE,32084483,Andrés Sánchez Gómez,38,Neiva,web,,3,activo,2025-10-21 04:56:38
178,CE,34331410,Ana Rodríguez García,55,Pereira,web,,3,activo,2025-10-20 06:23:38
179,CC,91215263,Camila Pérez Martínez,20,Cartagena,telefono,,3,activo,2025-10-20 19:54:38
180,CC,13549093,Laura Rodríguez Pérez,35,Cali,telefono,32.0,3,activo,2025-10-21 00:05:38
181,CE,61331534,Daniela Hernández Sánchez,40,Bucaramanga,whatsapp,,3,activo,2025-10-20 09:17:38
182,CC,40954383,Daniela Martínez Ramírez,45,Neiva,web,,3,activo,2025-10-21 04:19:38
183,CC,16050973,Camila Rodríguez Torres,41,Pasto,web,,3,activo,2025-10-21 05:11:38
184,CE,91093723,Sofía Rodríguez Torres,46,Barranquilla,web,16.0,3,activo,2025-10-20 16:41:38
185,CE,23347955,Camila Martínez Martínez,61,Bogotá,web,,3,activo,2025-10-20 09:35:38
186,CC,79004387,Andrés García Torres,81,Neiva,whatsapp,,3,activo,2025-10-20 05:33:38
187,CE,116558382,Andrés Hernández Martínez,18,Bogotá,whatsapp,,3,activo,2025-10-20 21:42:38
188,CC,48233775,Andrés Pérez López,86,Manizales,telefono,,3,activo,2025-10-20 13:33:38
189,CE,36281402,Daniela Rodríguez Rodríguez,55,Pasto,whatsapp,,3,activo,2025-10-20 08:27:38
190,CC,56251543,Juan Sánchez Pérez,61,Santa Marta,telefono,,3,activo,2025-10-20 14:50:38
191,TI,96973489,Andrés Sánchez Ramírez,29,Cartagena,web,,3,activo,2025-10-20 10:32:38
192,CC,19294238,Carlos Pérez Sánchez,34,Ibagué,web,47.0,3,activo,2025-10-21 00:07:38
193,CC,55003155,Ana Martínez Martínez,72,Santa Marta,telefono,,3,activo,2025-10-20 07:51:38
194,CE,119888811,Felipe López Ramírez,35,Popayán,web,,3,activo,2025-10-21 03:00:38
195,CC,91372722,Laura Hernández Gómez,54,Ibagué,whatsapp,,3,activo,2025-10-21 02:36:38
196,TI,103535058,Juan Hernández Rodríguez,86,Bogotá,web,22.0,3,activo,2025-10-20 10:00:38
197,TI,38010136,Juan Sánchez Ramírez,66,Cartagena,web,,3,activo,2025-10-20 16:28:38
198,CE,55969372,Daniela Rodríguez García,81,Armenia,telefono,,3,activo,2025-10-20 06:08:38
199,CE,117888029,Andrés Martínez Pérez,21,Cartagena,web,50.0,3,activo,2025-10-20 06:40:38
200,CC,75478354,Juan López García,26,Pasto,whatsapp,,3,activo,2025-10-20 16:51:38
201,CE,110847299,Camila Torres Sánchez,68,Manizales,whatsapp,,3,activo,2025-10-20 16:58:38
202,CC,32103878,Laura Torres López,72,Armenia,whatsapp,,3,activo,2025-10-20 09:21:38
203,CE,87657634,Juan Torres Pérez,18,Villavicencio,telefono,27.0,3,activo,2025-10-20 18:42:38
204,CE,112799459,Juan Sánchez Pérez,24,Neiva,whatsapp,,3,activo,2025-10-21 00:34:38
205,TI,69169839,Daniela Hernández López,20,Popayán,telefono,,3,activo,2025-10-20 18:32:38
206,TI,59828067,María Martínez Martínez,73,Armenia,telefono,37.0,3,activo,2025-10-20 19:10:38
207,CE,107044726,Daniela Sánchez Martínez,62,Pasto,web,,3,activo,2025-10-20 19:39:38
208,CC,40894000,Daniela Ramírez Martínez,21,Barranquilla,whatsapp,42.0,3,activo,2025-10-20 13:47:38
209,CE,96584886,Juan Gómez Torres,42,Pasto,web,,3,activo,2025-10-20 21:09:38
210,CC,63072931,Ana Pérez Hernández,74,Armenia,telefono,26.0,3,activo,2025-10-20 15:47:38
211,CC,25142946,Carlos Martínez Martínez,43,Cartagena,telefono,,3,activo,2025-10-20 14:53:38
212,CC,62035978,Laura Ramírez Hernández,52,Medellín,web,,3,activo,2025-10-20 12:16:38
213,CC,102789793,Felipe Torres Pérez,83,Pereira,web,,3,activo,2025-10-21 04:40:38
214,TI,48391676,Camila Torres Martínez,50,Cali,whatsapp,1.0,3,activo,2025-10-20 07:36:38
215,CC,45104776,Daniela García Rodríguez,42,Villavicencio,web,46.0,3,activo,2025-10-21 01:34:38
216,CE,49161178,Camila Rodríguez Sánchez,31,Pereira,telefono,42.0,3,activo,2025-10-21 02:48:38
217,TI,95754703,María López López,83,Medellín,whatsapp,,3,activo,2025-10-20 11:34:38
218,CE,61668735,Felipe García Rodríguez,62,Cali,telefono,18.0,3,activo,2025-10-21 03:16:38
219,TI,39157658,Sofía López Sánchez,83,Pereira,telefono,41.0,3,activo,2025-10-20 20:04:38
220,TI,52649180,Camila López Sánchez,69,Villavicencio,whatsapp,3.0,3,activo,2025-10-21 01:55:38
221,CC,72087735,Carlos Pérez Torres,22,Popayán,web,,3,activo,2025-10-21 02:20:38
222,CE,79250561,Camila Pérez Ramírez,31,Pereira,telefono,,3,activo,2025-10-21 02:15:38
223,CE,87731187,Felipe Hernández Hernández,74,Barranquilla,whatsapp,,3,activo,2025-10-20 16:17:38
224,CE,81982274,Ana García Hernández,21,Ibagué,web,,3,activo,2025-10-20 18:29:38
225,CE,104702587,Juan Ramírez García,59,Villavicencio,whatsapp,,3,activo,2025-10-20 15:02:38
226,CC,62062562,Camila Martínez Rodríguez,54,Villavicencio,web,,3,activo,2025-10-20 23:52:38
227,TI,119304761,Laura Pérez Pérez,60,Popayán,whatsapp,,3,activo,2025-10-20 06:11:38
228,CC,115856597,Felipe García Hernández,18,Popayán,telefono,,3,activo,2025-10-20 22:32:38
229,TI,39793459,Laura García Rodríguez,89,Santa Marta,web,,3,activo,2025-10-20 14:46:38
230,CC,79505854,Andrés López Pérez,58,Villavicencio,telefono,,3,activo,2025-10-20 23:49:38
231,TI,85739453,Sofía Martínez Gómez,18,Manizales,web,,3,activo,2025-10-20 22:56:38
232,CE,71187250,Carlos Rodríguez Ramírez,78,Santa Marta,telefono,,3,activo,2025-10-20 12:56:38
233,CE,36631419,María Torres Gómez,82,Cartagena,whatsapp,47.0,3,activo,2025-10-20 07:10:38
234,CC,49621513,Laura Sánchez Hernández,36,Santa Marta,web,4.0,3,activo,2025-10-20 19:56:38
235,CE,22607831,Daniela Pérez Rodríguez,75,Medellín,telefono,,3,activo,2025-10-20 05:50:38
236,CE,113302719,Sofía Pérez López,69,Popayán,telefono,,3,activo,2025-10-20 17:30:38
237,CC,12344166,Daniela García Martínez,52,Neiva,web,,3,activo,2025-10-20 19:38:38
238,CC,114734297,Sofía Torres Hernández,64,Pasto,web,,3,activo,2025-10-20 06:09:38
239,TI,104411491,María Sánchez Gómez,49,Bucaramanga,telefono,,3,activo,2025-10-20 20:37:38
240,CE,76148102,Daniela Rodríguez Rodríguez,32,Pasto,whatsapp,,3,activo,2025-10-21 03:44:38
241,TI,30319496,Camila Gómez Gómez,68,Medellín,whatsapp,,3,activo,2025-10-21 03:05:38
242,CE,55132604,Daniela Sánchez Ramírez,51,Medellín,telefono,,3,activo,2025-10-20 06:36:38
243,CC,90547146,Juan Rodríguez López,80,Manizales,web,33.0,3,activo,2025-10-20 17:13:38
244,TI,77827904,Camila Pérez López,49,Neiva,telefono,,3,activo,2025-10-20 16:19:38
245,TI,64716293,Camila García Martínez,35,Manizales,telefono,14.0,3,activo,2025-10-20 12:33:38
246,TI,76848478,Juan López Gómez,39,Cartagena,telefono,,3,activo,2025-10-20 20:26:38
247,CE,99130077,María Rodríguez López,87,Medellín,web,,3,activo,2025-10-21 04:44:38
248,CE,37980569,Juan Sánchez Rodríguez,61,Neiva,telefono,6.0,3,activo,2025-10-20 10:21:38
249,CE,97973637,Ana Pérez Torres,58,Pereira,whatsapp,42.0,3,activo,2025-10-20 21:26:38
250,TI,89884868,Daniela Hernández Rodríguez,24,Pereira,telefono,4.0,3,activo,2025-10-21 04:09:38
251,CC,80696145,Ana García López,23,Santa Marta,telefono,1.0,3,activo,2025-10-20 11:18:38
252,TI,109266772,Ana Gómez López,24,Cúcuta,web,,3,activo,2025-10-20 08:07:38
253,CE,62869451,Juan Ramírez Gómez,49,Manizales,telefono,,3,activo,2025-10-21 02:25:38
254,CE,112144017,Daniela López Sánchez,26,Cali,telefono,,3,activo,2025-10-20 11:42:38
255,CC,21848331,María García Ramírez,46,Armenia,telefono,,3,activo,2025-10-20 17:35:38
256,TI,70111368,Daniela Ramírez López,43,Manizales,web,,3,activo,2025-10-20 12:28:38
257,TI,66665481,Daniela Hernández Sánchez,35,Barranquilla,web,,3,activo,2025-10-20 18:55:38
258,CE,74281729,Carlos Ramírez Sánchez,80,Villavicencio,whatsapp,47.0,3,activo,2025-10-20 15:36:38
259,CC,68041409,Felipe Ramírez García,70,Neiva,whatsapp,,3,activo,2025-10-20 22:03:38
260,CC,89473610,Juan Martínez Pérez,69,Cali,web,,3,activo,2025-10-20 13:45:38
261,TI,102313151,Ana Sánchez Pérez,90,Ibagué,whatsapp,,3,activo,2025-10-21 05:04:38
262,CE,49115599,Daniela Torres Hernández,18,Neiva,web,36.0,3,activo,2025-10-20 08:39:38
263,CC,68228228,Andrés Torres Sánchez,77,Barranquilla,whatsapp,,3,activo,2025-10-20 13:03:38
264,TI,81430821,María García Gómez,65,Pasto,whatsapp,,3,activo,2025-10-20 10:26:38
265,CE,84012494,Daniela Hernández Torres,60,Pasto,web,,3,activo,2025-10-20 16:13:38
266,CC,81723698,Felipe Sánchez Rodríguez,62,Cartagena,web,,3,activo,2025-10-20 15:55:38
267,CC,10585564,Daniela Martínez López,64,Barranquilla,telefono,,3,activo,2025-10-21 03:32:38
268,CC,94081951,Ana Gómez Martínez,77,Bucaramanga,whatsapp,,3,activo,2025-10-20 17:31:38
269,CC,96402126,Felipe Pérez Gómez,19,Pereira,telefono,47.0,3,activo,2025-10-20 17:50:38
270,CC,34314630,Juan Hernández Hernández,62,Armenia,whatsapp,,3,activo,2025-10-20 15:44:38
271,CC,11830740,Sofía Hernández Gómez,39,Pereira,whatsapp,,3,activo,2025-10-20 16:19:38
272,TI,118035901,Daniela Sánchez García,51,Armenia,web,25.0,3,activo,2025-10-21 00:42:38
273,CE,114944117,Carlos López López,59,Popayán,web,,3,activo,2025-10-21 04:36:38
274,TI,61060371,Felipe Sánchez Hernández,24,Villavicencio,whatsapp,,3,activo,2025-10-20 20:43:38
275,TI,18802465,Laura Pérez Pérez,60,Pasto,whatsapp,,3,activo,2025-10-20 20:46:38
276,TI,36615260,Laura Ramírez Hernández,52,Ibagué,telefono,,3,activo,2025-10-20 22:40:38
277,CE,76373810,Ana Pérez Pérez,38,Villavicencio,telefono,,3,activo,2025-10-20 07:56:38
278,TI,73216489,María Ramírez Torres,64,Cúcuta,whatsapp,43.0,3,activo,2025-10-20 13:18:38
279,CC,98165909,Laura López Hernández,89,Manizales,whatsapp,,3,activo,2025-10-20 08:37:38
280,CC,112429462,Laura García Gómez,63,Ibagué,telefono,,3,activo,2025-10-21 04:22:38
281,TI,11099317,María Sánchez Hernández,39,Medellín,whatsapp,18.0,3,activo,2025-10-20 13:37:38
282,TI,72738810,Sofía Hernández Sánchez,23,Bucaramanga,whatsapp,,3,activo,2025-10-20 10:05:38
283,CC,85460982,María Rodríguez Pérez,18,Cúcuta,web,,3,activo,2025-10-20 06:41:38
284,TI,27804687,María López García,22,Cúcuta,web,,3,activo,2025-10-20 17:21:38
285,CC,72276383,Daniela López Hernández,26,Bucaramanga,web,14.0,3,activo,2025-10-20 21:42:38
286,TI,107292207,Carlos Rodríguez Martínez,28,Popayán,web,,3,activo,2025-10-20 23:01:38
287,CE,119671325,Laura Martínez Ramírez,41,Villavicencio,web,11.0,3,activo,2025-10-20 17:13:38
288,TI,58785107,Sofía Hernández Ramírez,24,Neiva,whatsapp,,3,activo,2025-10-21 01:39:38
289,CC,117130755,Daniela Rodríguez Torres,73,Villavicencio,web,6.0,3,activo,2025-10-20 07:52:38
290,CE,111441608,Ana Sánchez Gómez,63,Cúcuta,web,43.0,3,activo,2025-10-20 17:42:38
291,CC,69359381,Laura Pérez Rodríguez,43,Cartagena,whatsapp,7.0,3,activo,2025-10-20 13:53:38
292,TI,106893614,Juan Pérez López,72,Cali,web,,3,activo,2025-10-20 16:39:38
293,CC,78607270,Sofía Pérez Martínez,85,Bucaramanga,web,,3,activo,2025-10-20 20:39:38
294,CC,12708193,Ana Torres Torres,73,Medellín,web,,3,activo,2025-10-20 08:51:38
295,CC,105600191,Andrés Torres Torres,60,Cali,whatsapp,,3,activo,2025-10-20 18:50:38
296,TI,117888104,Carlos Martínez Hernández,47,Cartagena,telefono,,3,activo,2025-10-20 14:24:38
297,TI,56191876,Carlos López Martínez,57,Manizales,whatsapp,,3,activo,2025-10-21 04:08:38
298,CE,16200582,Juan Ramírez Martínez,56,Cartagena,web,,3,activo,2025-10-20 15:46:38
299,CE,60814392,Sofía Martínez Torres,65,Manizales,telefono,9.0,3,activo,2025-10-20 17:06:38
300,TI,48283938,Laura Hernández Rodríguez,21,Cali,telefono,,3,activo,2025-10-20 09:17:38
301,CC,102029872,Juan Torres Sánchez,28,Pereira,telefono,28.0,3,activo,2025-10-20 21:46:38
302,CC,101713649,Daniela Rodríguez Sánchez,70,Barranquilla,whatsapp,,3,activo,2025-10-21 04:54:38
303,CC,31706187,Felipe Rodríguez Pérez,75,Cartagena,telefono,,3,activo,2025-10-21 03:15:38
304,CC,23146656,Daniela Ramírez Hernández,37,Cali,web,33.0,3,activo,2025-10-20 21:38:38
305,CE,114423277,Sofía Rodríguez Gómez,76,Cali,whatsapp,,3,activo,2025-10-20 06:15:38
306,CE,96364990,Laura García Torres,18,Cartagena,whatsapp,,3,activo,2025-10-20 12:48:38
307,CE,16861001,María Martínez Gómez,53,Cali,telefono,,3,activo,2025-10-20 20:46:38
308,TI,92264436,María Hernández López,81,Neiva,web,,3,activo,2025-10-20 10:19:38
309,CE,16339223,Ana Gómez López,75,Villavicencio,telefono,21.0,3,activo,2025-10-20 15:48:38
310,CE,93944295,Carlos Ramírez Martínez,62,Pereira,web,,3,activo,2025-10-20 06:15:38
311,TI,99258921,Juan Sánchez Martínez,49,Ibagué,web,,3,activo,2025-10-21 02:52:38
312,CE,18067349,Carlos Ramírez López,53,Medellín,web,,3,activo,2025-10-20 21:06:38
313,CC,33328735,María Ramírez Hernández,64,Cartagena,web,35.0,3,activo,2025-10-20 23:40:38
314,CC,65745443,María Hernández Ramírez,70,Cali,telefono,,3,activo,2025-10-21 01:18:38
315,TI,11695218,Sofía Ramírez Torres,66,Cali,telefono,,3,activo,2025-10-20 21:04:38
316,CC,13105095,Andrés Martínez Rodríguez,23,Pasto,telefono,,3,activo,2025-10-20 23:09:38
317,CE,42406090,Laura Ramírez García,32,Barranquilla,whatsapp,31.0,3,activo,2025-10-20 13:51:38
318,CC,112642714,Carlos Torres Rodríguez,65,Cúcuta,web,30.0,3,activo,2025-10-20 11:23:38
319,CE,91269897,Sofía Martínez Torres,64,Armenia,telefono,,3,activo,2025-10-20 20:35:38
320,CE,67416478,Sofía Rodríguez Hernández,41,Villavicencio,whatsapp,,3,activo,2025-10-20 08:58:38
321,TI,65737090,Juan Pérez Hernández,82,Santa Marta,whatsapp,,3,activo,2025-10-20 05:57:38
322,TI,39361293,María García García,74,Villavicencio,telefono,48.0,3,activo,2025-10-20 16:25:38
323,CC,32263132,Juan Hernández López,54,Pereira,whatsapp,35.0,3,activo,2025-10-20 13:08:38
324,CE,66943605,Ana Hernández Gómez,40,Neiva,telefono,,3,activo,2025-10-20 16:26:38
325,CC,94048411,Carlos García Martínez,56,Barranquilla,whatsapp,,3,activo,2025-10-21 02:08:38
326,CE,45155901,Sofía Gómez López,44,Manizales,whatsapp,,3,activo,2025-10-20 15:03:38
327,CE,12932319,Ana Pérez Ramírez,83,Cúcuta,whatsapp,,3,activo,2025-10-20 09:12:38
328,CE,107836201,Ana Rodríguez García,47,Manizales,telefono,35.0,3,activo,2025-10-20 12:50:38
329,CE,17737798,Camila García Torres,39,Bucaramanga,telefono,,3,activo,2025-10-20 06:52:38
330,TI,22641675,Carlos Ramírez Sánchez,36,Armenia,web,17.0,3,activo,2025-10-20 16:34:38
331,CC,21744737,Felipe Rodríguez Sánchez,42,Cartagena,web,31.0,3,activo,2025-10-20 11:44:38
332,TI,92251573,Felipe López Torres,75,Neiva,telefono,31.0,3,activo,2025-10-20 06:20:38
333,CC,24288223,Sofía Rodríguez Rodríguez,38,Pasto,whatsapp,,3,activo,2025-10-20 18:40:38
334,TI,22740057,Felipe Torres Ramírez,84,Ibagué,whatsapp,,3,activo,2025-10-20 17:18:38
335,CE,42648997,Carlos Pérez Hernández,58,Barranquilla,telefono,,3,activo,2025-10-20 22:14:38
336,CC,109971593,Camila Rodríguez Pérez,75,Bucaramanga,web,,3,activo,2025-10-20 17:25:38
337,CC,21902422,Daniela Hernández Ramírez,82,Pasto,telefono,,3,activo,2025-10-20 10:18:38
338,CC,112489973,Ana Gómez Sánchez,24,Medellín,telefono,,3,activo,2025-10-20 05:38:38
339,CC,117706468,Ana Pérez Rodríguez,67,Ibagué,web,,3,activo,2025-10-21 01:31:38
340,TI,14916524,María López Torres,52,Cali,web,,3,activo,2025-10-20 18:12:38
341,TI,114223410,Andrés Ramírez Hernández,65,Manizales,web,,3,activo,2025-10-20 19:21:38
342,CE,108316885,Ana Torres Martínez,79,Ibagué,whatsapp,,3,activo,2025-10-21 00:13:38
343,CE,19360323,Daniela Martínez García,74,Cúcuta,web,,3,activo,2025-10-21 01:50:38
344,CC,24266496,Juan Hernández Pérez,71,Cali,telefono,,3,activo,2025-10-20 12:36:38
345,CE,44656091,Carlos Hernández Ramírez,51,Barranquilla,web,,3,activo,2025-10-20 09:56:38
346,CC,113590915,Sofía Torres Pérez,49,Cúcuta,whatsapp,25.0,3,activo,2025-10-21 03:39:38
347,TI,98798695,Laura García Torres,72,Cúcuta,telefono,,3,activo,2025-10-20 07:14:38
348,TI,24443322,Sofía Sánchez Hernández,40,Santa Marta,telefono,,3,activo,2025-10-20 10:15:38
349,CC,93443168,Sofía Hernández Pérez,44,Cali,whatsapp,,3,activo,2025-10-21 03:10:38
350,TI,49424344,María Martínez López,46,Bogotá,whatsapp,,3,activo,2025-10-20 13:06:38
351,TI,40807548,María Pérez Hernández,85,Bucaramanga,web,18.0,3,activo,2025-10-20 05:57:38
352,CC,97082275,Laura López López,87,Manizales,web,,3,activo,2025-10-21 02:14:38
353,CC,103029965,Laura Hernández García,21,Pasto,web,,3,activo,2025-10-21 00:08:38
354,CE,98230709,Carlos García Pérez,83,Pasto,web,,3,activo,2025-10-21 01:25:38
355,CE,57184646,Ana Torres Ramírez,57,Bogotá,whatsapp,,3,activo,2025-10-21 01:55:38
356,CE,53592298,Carlos Torres Gómez,35,Cali,telefono,,3,activo,2025-10-20 18:49:38
357,CE,61449796,Andrés Torres López,43,Bucaramanga,telefono,,3,activo,2025-10-21 04:31:38
358,CE,105445580,Camila Pérez Torres,79,Bucaramanga,web,,3,activo,2025-10-20 21:11:38
359,TI,61502478,Carlos Torres López,47,Ibagué,telefono,11.0,3,activo,2025-10-20 21:28:38
360,TI,116441307,Ana López Martínez,20,Cali,web,,3,activo,2025-10-20 08:40:38
361,CE,65044235,Ana Hernández López,42,Cartagena,whatsapp,28.0,3,activo,2025-10-20 11:57:38
362,CE,68543087,Daniela López Gómez,85,Manizales,telefono,31.0,3,activo,2025-10-21 01:57:38
363,CC,107637812,Felipe Martínez Pérez,54,Ibagué,telefono,,3,activo,2025-10-20 23:27:38
364,CC,55637492,María Torres García,52,Cartagena,telefono,,3,activo,2025-10-20 14:05:38
365,CE,118269226,Daniela Pérez López,90,Villavicencio,web,31.0,3,activo,2025-10-20 20:57:38
366,CC,44710619,Sofía Rodríguez Ramírez,60,Pereira,whatsapp,,3,activo,2025-10-20 15:37:38
367,TI,78271020,Sofía Hernández López,35,Pereira,telefono,38.0,3,activo,2025-10-20 20:05:38
368,TI,82329115,Daniela Torres López,75,Neiva,whatsapp,,3,activo,2025-10-20 14:46:38
369,CE,88415642,María Rodríguez López,20,Bogotá,whatsapp,,3,activo,2025-10-20 05:32:38
370,TI,70133687,Carlos García Pérez,51,Santa Marta,telefono,49.0,3,activo,2025-10-20 11:34:38
371,CC,82856005,Felipe Pérez Gómez,61,Villavicencio,whatsapp,,3,activo,2025-10-21 05:26:38
372,TI,101682869,Juan Hernández López,90,Barranquilla,telefono,,3,activo,2025-10-20 20:32:38
373,CE,12502696,Laura García Gómez,84,Pereira,telefono,,3,activo,2025-10-20 09:48:38
374,CE,16115113,Juan López Martínez,61,Cúcuta,telefono,,3,activo,2025-10-20 12:54:38
375,CE,117580514,Sofía Rodríguez López,39,Ibagué,telefono,,3,activo,2025-10-20 09:23:38
376,TI,75834110,Camila Martínez Pérez,59,Cartagena,web,44.0,3,activo,2025-10-20 11:03:38
377,TI,42815403,Camila Ramírez Gómez,54,Cali,whatsapp,,3,activo,2025-10-20 11:47:38
378,TI,21352153,María Rodríguez Martínez,20,Neiva,telefono,,3,activo,2025-10-20 21:54:38
379,TI,77607494,Andrés Martínez Sánchez,55,Neiva,whatsapp,,3,activo,2025-10-21 05:23:38
380,CE,53962735,Camila Martínez Gómez,45,Villavicencio,whatsapp,,3,activo,2025-10-21 03:47:38
381,CE,78272536,Daniela Pérez Hernández,51,Ibagué,web,44.0,3,activo,2025-10-20 22:14:38
382,CE,101218063,Camila Rodríguez Sánchez,65,Barranquilla,web,10.0,3,activo,2025-10-20 21:51:38
383,CE,57959758,Sofía Sánchez Pérez,56,Medellín,telefono,,3,activo,2025-10-20 14:12:38
384,CE,103498808,María Ramírez Torres,86,Ibagué,web,,3,activo,2025-10-20 14:16:38
385,TI,48500935,Ana López Ramírez,52,Popayán,telefono,32.0,3,activo,2025-10-20 08:31:38
386,CE,13690499,Ana Sánchez Pérez,76,Cúcuta,telefono,,3,activo,2025-10-20 14:13:38
387,CC,74426988,Camila Sánchez García,37,Ibagué,whatsapp,,3,activo,2025-10-20 20:23:38
388,CC,52559106,Sofía Hernández Hernández,29,Pasto,web,,3,activo,2025-10-20 19:16:38
389,TI,14495909,Camila García Pérez,53,Medellín,web,46.0,3,activo,2025-10-20 09:57:38
390,TI,117439976,Andrés Pérez García,49,Cartagena,whatsapp,,3,activo,2025-10-20 17:43:38
391,CC,94731359,María Gómez López,73,Cúcuta,web,,3,activo,2025-10-20 15:24:38
392,CE,88505869,Andrés Pérez Rodríguez,49,Bogotá,whatsapp,,3,activo,2025-10-21 03:24:38
393,TI,52719028,Felipe Hernández Sánchez,31,Neiva,web,,3,activo,2025-10-20 10:45:38
394,CE,22483511,Felipe Pérez Ramírez,75,Neiva,whatsapp,47.0,3,activo,2025-10-20 13:23:38
395,TI,29765067,Daniela Gómez García,67,Bogotá,whatsapp,,3,activo,2025-10-20 15:48:38
396,TI,93057174,Carlos López Martínez,85,Cartagena,telefono,,3,activo,2025-10-21 04:52:38
397,CE,66749009,Laura Gómez García,41,Manizales,telefono,47.0,3,activo,2025-10-20 09:50:38
398,CC,44007664,María García Rodríguez,37,Popayán,whatsapp,35.0,3,activo,2025-10-20 23:29:38
399,CE,70541218,Ana Hernández Ramírez,80,Cali,web,,3,activo,2025-10-20 18:55:38
400,CE,71096872,Laura López Martínez,39,Cali,telefono,,3,activo,2025-10-20 17:51:38
401,TI,100220846,Juan Hernández Ramírez,20,Pereira,web,,3,activo,2025-10-21 01:55:38
402,CE,51620084,Sofía Sánchez López,70,Manizales,whatsapp,,3,activo,2025-10-20 06:10:38
403,TI,35219309,María Martínez García,82,Pereira,web,,3,activo,2025-10-21 02:50:38
404,CE,38190740,Daniela Ramírez Ramírez,28,Villavicencio,telefono,27.0,3,activo,2025-10-20 11:12:38
405,TI,80130705,Laura Rodríguez Martínez,25,Bucaramanga,whatsapp,36.0,3,activo,2025-10-20 17:43:38
406,CE,56326837,Daniela Martínez Hernández,66,Neiva,telefono,,3,activo,2025-10-21 01:40:38
407,TI,106163885,María Gómez Hernández,29,Pereira,telefono,,3,activo,2025-10-20 11:16:38
408,TI,91429935,Juan López Martínez,34,Cali,telefono,,3,activo,2025-10-20 20:36:38
409,CC,18497890,Felipe García Martínez,31,Villavicencio,web,,3,activo,2025-10-21 03:40:38
410,CC,43481764,Carlos García García,29,Pereira,whatsapp,6.0,3,activo,2025-10-20 15:44:38
411,CC,17903552,Laura López Gómez,22,Pereira,whatsapp,,3,activo,2025-10-20 21:49:38
412,CE,92397790,Felipe López García,70,Santa Marta,whatsapp,46.0,3,activo,2025-10-21 03:49:38
413,CE,50745258,Carlos Ramírez Martínez,57,Santa Marta,whatsapp,,3,activo,2025-10-20 21:20:38
414,CC,65965577,Laura Rodríguez Torres,37,Barranquilla,telefono,,3,activo,2025-10-20 17:48:38
415,TI,61074594,Daniela Rodríguez Gómez,66,Barranquilla,telefono,,3,activo,2025-10-20 05:44:38
416,TI,28977763,Camila Ramírez Martínez,69,Cartagena,web,,3,activo,2025-10-21 01:14:38
417,CC,97292994,Camila Torres Torres,69,Cali,web,,3,activo,2025-10-20 07:40:38
418,TI,10521062,María García Torres,29,Cartagena,whatsapp,,3,activo,2025-10-20 12:30:38
419,CC,83989967,Sofía Gómez Hernández,34,Cartagena,web,,3,activo,2025-10-20 12:38:38
420,CE,92635787,Sofía Martínez López,89,Cartagena,web,42.0,3,activo,2025-10-20 20:19:38
421,CC,106263424,María García Ramírez,60,Santa Marta,web,23.0,3,activo,2025-10-20 19:22:38
422,CE,15894550,Laura Ramírez Gómez,20,Bogotá,telefono,,3,activo,2025-10-20 15:48:38
423,CE,117997439,Camila Torres García,51,Bucaramanga,web,23.0,3,activo,2025-10-20 13:09:38
424,CE,68472166,Camila López Hernández,82,Bogotá,web,,3,activo,2025-10-20 09:30:38
425,CC,79098417,Felipe Sánchez Ramírez,35,Barranquilla,web,,3,activo,2025-10-20 14:43:38
426,CC,37649333,Camila Gómez Pérez,48,Santa Marta,telefono,,3,activo,2025-10-20 14:55:38
427,TI,35975112,Felipe Pérez Gómez,30,Cartagena,telefono,,3,activo,2025-10-21 02:26:38
428,CC,78308735,María Hernández García,19,Popayán,whatsapp,49.0,3,activo,2025-10-21 02:43:38
429,CC,106402972,Daniela López López,89,Armenia,web,,3,activo,2025-10-20 21:03:38
430,CE,69122877,Juan Ramírez Hernández,47,Barranquilla,web,,3,activo,2025-10-20 17:06:38
431,TI,17555847,Daniela García Hernández,45,Villavicencio,telefono,,3,activo,2025-10-20 13:15:38
432,CE,119346175,Felipe Pérez García,84,Neiva,web,36.0,3,activo,2025-10-20 12:01:38
433,TI,34906958,Juan Ramírez Martínez,86,Cartagena,whatsapp,,3,activo,2025-10-20 06:48:38
434,CC,60132551,Ana Gómez Pérez,37,Bogotá,telefono,,3,activo,2025-10-20 21:59:38
435,CE,64962725,Sofía Ramírez Gómez,72,Cúcuta,telefono,,3,activo,2025-10-20 06:11:38
436,TI,47678462,Daniela García Torres,52,Neiva,telefono,,3,activo,2025-10-20 13:04:38
437,CE,56253163,Andrés Torres Martínez,79,Cúcuta,whatsapp,23.0,3,activo,2025-10-21 02:40:38
438,TI,18639596,Laura Ramírez Pérez,29,Popayán,telefono,,3,activo,2025-10-20 20:00:38
439,TI,93056431,Sofía Pérez López,33,Bucaramanga,telefono,,3,activo,2025-10-20 07:11:38
440,CE,114508597,Camila López Rodríguez,27,Manizales,whatsapp,,3,activo,2025-10-20 18:35:38
441,CC,85930260,Ana García Ramírez,19,Neiva,telefono,,3,activo,2025-10-20 21:20:38
442,TI,53926914,Daniela Sánchez Martínez,28,Medellín,web,,3,activo,2025-10-21 04:09:38
443,TI,90557801,Juan Sánchez Pérez,57,Armenia,web,18.0,3,activo,2025-10-20 22:06:38
444,CC,117973381,Felipe Gómez López,24,Medellín,whatsapp,,3,activo,2025-10-20 14:34:38
445,CC,68872401,Ana García Ramírez,60,Pereira,web,,3,activo,2025-10-21 02:59:38
446,CE,65945823,María García Hernández,51,Neiva,whatsapp,,3,activo,2025-10-20 18:18:38
447,TI,104021551,Juan Sánchez Martínez,69,Cartagena,telefono,28.0,3,activo,2025-10-20 20:19:38
448,CC,90436791,Juan Ramírez García,26,Cúcuta,web,45.0,3,activo,2025-10-20 08:08:38
449,TI,15714151,Juan Rodríguez García,64,Santa Marta,whatsapp,,3,activo,2025-10-20 12:20:38
450,CE,83688558,Juan Rodríguez Martínez,61,Pereira,whatsapp,2.0,3,activo,2025-10-20 13:57:38
451,TI,78719275,Laura López Pérez,79,Bucaramanga,whatsapp,39.0,3,activo,2025-10-20 15:52:38
452,CC,99429774,Daniela Torres Rodríguez,61,Santa Marta,web,,3,activo,2025-10-20 13:02:38
453,TI,100944077,Laura López Rodríguez,37,Cali,telefono,,3,activo,2025-10-21 03:06:38
454,CC,79795026,Ana Ramírez García,87,Bucaramanga,whatsapp,7.0,3,activo,2025-10-20 20:02:38
455,CE,88161548,María Sánchez Gómez,66,Popayán,telefono,,3,activo,2025-10-20 17:29:38
456,TI,51059566,Ana Pérez Ramírez,44,Cúcuta,whatsapp,,3,activo,2025-10-20 07:18:38
457,CC,107431868,María Torres López,40,Popayán,whatsapp,,3,activo,2025-10-20 10:12:38
458,CE,38254047,Andrés Torres Sánchez,32,Medellín,telefono,,3,activo,2025-10-20 19:15:38
459,TI,43857916,Sofía Sánchez Hernández,60,Barranquilla,whatsapp,,3,activo,2025-10-21 01:14:38
460,CE,27916976,Juan García García,86,Armenia,whatsapp,,3,activo,2025-10-20 05:45:38
461,CE,22781645,Camila Ramírez García,80,Cúcuta,whatsapp,15.0,3,activo,2025-10-20 20:13:38
462,CC,81995285,Andrés García García,48,Villavicencio,telefono,43.0,3,activo,2025-10-21 00:16:38
463,CE,58603644,Felipe Rodríguez Pérez,56,Bogotá,telefono,,3,activo,2025-10-20 12:51:38
464,CC,65102366,Juan Hernández Hernández,33,Medellín,whatsapp,,3,activo,2025-10-20 20:29:38
465,CE,118295422,Daniela Sánchez Rodríguez,50,Pasto,telefono,2.0,3,activo,2025-10-21 01:58:38
466,TI,56882181,Andrés Torres García,33,Popayán,whatsapp,,3,activo,2025-10-20 19:31:38
467,CC,71938728,María Hernández Torres,22,Pereira,web,,3,activo,2025-10-20 15:42:38
468,CC,68831581,María Pérez Sánchez,23,Barranquilla,whatsapp,23.0,3,activo,2025-10-20 06:57:38
469,TI,51956607,Andrés Rodríguez Pérez,40,Armenia,telefono,35.0,3,activo,2025-10-20 05:31:38
470,TI,83776431,Daniela Pérez Sánchez,48,Cartagena,telefono,,3,activo,2025-10-20 09:42:38
471,CE,100436808,Andrés Ramírez Torres,48,Manizales,whatsapp,,3,activo,2025-10-20 12:50:38
472,CC,46250950,Carlos Hernández Hernández,86,Medellín,whatsapp,9.0,3,activo,2025-10-20 11:13:38
473,CC,91013957,Sofía López Martínez,42,Barranquilla,whatsapp,1.0,3,activo,2025-10-20 20:09:38
474,TI,113601444,Daniela Pérez Sánchez,79,Pasto,whatsapp,26.0,3,activo,2025-10-20 18:44:38
475,TI,16918868,Sofía Hernández García,19,Armenia,web,,3,activo,2025-10-20 05:26:38
476,TI,33368149,Andrés Martínez Pérez,21,Ibagué,telefono,,3,activo,2025-10-20 16:08:38
477,TI,112486955,Felipe Pérez Pérez,36,Popayán,web,,3,activo,2025-10-21 03:07:38
478,CC,45413896,Juan García Martínez,39,Barranquilla,telefono,,3,activo,2025-10-20 22:45:38
479,CE,118717966,Daniela López Pérez,36,Cali,whatsapp,,3,activo,2025-10-20 10:04:38
480,TI,38825960,Juan García García,65,Santa Marta,whatsapp,,3,activo,2025-10-20 16:33:38
481,CC,38699665,Camila Sánchez Hernández,61,Pasto,whatsapp,7.0,3,activo,2025-10-20 06:43:38
482,TI,96364845,Felipe Rodríguez Torres,88,Bogotá,telefono,,3,activo,2025-10-20 22:24:38
483,CE,76659916,Carlos López Pérez,86,Santa Marta,web,,3,activo,2025-10-21 02:02:38
484,CC,36618901,Ana García López,84,Cartagena,telefono,5.0,3,activo,2025-10-20 06:51:38
485,CC,36252326,María Ramírez Sánchez,67,Barranquilla,web,11.0,3,activo,2025-10-20 22:22:38
486,CE,98771638,Sofía Pérez Rodríguez,19,Pasto,whatsapp,,3,activo,2025-10-20 09:53:38
487,CC,74851704,Camila Sánchez Rodríguez,65,Manizales,telefono,,3,activo,2025-10-20 08:50:38
488,CE,83229212,Felipe Ramírez Pérez,23,Ibagué,telefono,,3,activo,2025-10-21 00:25:38
489,CC,40358467,Juan Pérez López,46,Medellín,telefono,33.0,3,activo,2025-10-20 09:50:38
490,CC,89030395,Daniela Rodríguez Pérez,56,Cúcuta,telefono,,3,activo,2025-10-20 13:30:38
491,CE,115310911,Laura Torres Gómez,20,Cúcuta,web,,3,activo,2025-10-20 08:39:38
492,TI,90018334,Sofía Gómez Rodríguez,32,Popayán,telefono,20.0,3,activo,2025-10-20 17:58:38
493,TI,29085963,Daniela Pérez Sánchez,68,Cali,telefono,,3,activo,2025-10-20 23:02:38
494,TI,63415051,Juan García Martínez,49,Santa Marta,web,22.0,3,activo,2025-10-21 03:09:38
495,CE,59236216,Laura Ramírez Gómez,83,Bogotá,whatsapp,28.0,3,activo,2025-10-20 10:39:38
496,TI,50002590,Ana Torres Rodríguez,47,Manizales,web,,3,activo,2025-10-20 10:50:38
497,CE,55375246,Laura Pérez Torres,79,Ibagué,web,,3,activo,2025-10-21 02:34:38
498,CC,30205381,Felipe Hernández Hernández,24,Villavicencio,web,11.0,3,activo,2025-10-20 19:03:38
499,CC,55483001,Daniela Sánchez Rodríguez,19,Cúcuta,web,,3,activo,2025-10-20 10:07:38
500,CE,65137382,Felipe Sánchez Gómez,22,Popayán,whatsapp,,3,activo,2025-10-20 22:53:38
501,CC,62634879,Laura Ramírez Hernández,60,Pasto,telefono,45.0,3,activo,2025-10-21 05:17:38
502,CE,112537515,Camila Sánchez Sánchez,89,Cúcuta,telefono,25.0,3,activo,2025-10-21 01:30:38
503,TI,105885985,Daniela Sánchez Hernández,59,Ibagué,telefono,18.0,3,activo,2025-10-20 18:51:38
504,TI,116199121,Camila Sánchez García,51,Popayán,web,15.0,3,activo,2025-10-20 23:24:38
505,TI,15796754,Daniela López Sánchez,53,Armenia,whatsapp,1.0,3,activo,2025-10-20 10:55:38
506,CE,48857385,Juan Sánchez Gómez,20,Pereira,telefono,,3,activo,2025-10-20 16:14:38
507,CC,24117849,Carlos Gómez Sánchez,70,Villavicencio,whatsapp,,3,activo,2025-10-20 13:09:38
508,TI,109747894,Andrés Pérez García,55,Popayán,telefono,,3,activo,2025-10-20 17:05:38
509,CE,101687281,Daniela Hernández López,39,Cartagena,whatsapp,,3,activo,2025-10-21 00:16:38
510,TI,78111555,Laura Pérez Ramírez,19,Cúcuta,telefono,,3,activo,2025-10-20 22:30:38
511,TI,106345340,Camila Rodríguez Hernández,41,Ibagué,whatsapp,,3,activo,2025-10-20 09:18:38
512,CE,71232169,Sofía Torres García,74,Cartagena,telefono,,3,activo,2025-10-21 04:17:38
513,CC,76706533,Sofía Torres Martínez,66,Medellín,whatsapp,,3,activo,2025-10-21 00:31:38
514,CC,57994970,Carlos Martínez Ramírez,74,Santa Marta,telefono,,3,activo,2025-10-21 03:34:38
515,CE,37073895,Juan Hernández Hernández,39,Ibagué,telefono,3.0,3,activo,2025-10-20 11:01:38
516,CE,47570627,Camila Gómez Pérez,47,Manizales,telefono,,3,activo,2025-10-20 08:23:38
517,CE,92137500,Andrés Martínez Hernández,18,Bogotá,telefono,,3,activo,2025-10-20 21:42:38
518,CC,28326110,Felipe García Hernández,57,Santa Marta,whatsapp,,3,activo,2025-10-21 00:39:38
519,TI,55141683,Laura Ramírez Sánchez,85,Medellín,whatsapp,,3,activo,2025-10-20 20:47:38
520,CC,58601581,Andrés López Martínez,50,Manizales,whatsapp,38.0,3,activo,2025-10-21 05:06:38
521,CE,54697367,María Sánchez Ramírez,34,Bogotá,telefono,29.0,3,activo,2025-10-20 19:07:38
522,TI,89200771,Juan Martínez Rodríguez,47,Santa Marta,whatsapp,,3,activo,2025-10-21 04:00:38
523,CE,38031039,Daniela Torres Martínez,69,Cali,web,6.0,3,activo,2025-10-20 10:19:38
524,CE,37243875,Carlos López Martínez,84,Popayán,telefono,,3,activo,2025-10-21 00:00:38
525,CE,50321295,Carlos Pérez Gómez,68,Villavicencio,whatsapp,,3,activo,2025-10-20 13:16:38
526,CC,12601963,Andrés Rodríguez Gómez,78,Pereira,web,36.0,3,activo,2025-10-21 05:13:38
527,CC,101416448,Juan Gómez Rodríguez,20,Popayán,web,,3,activo,2025-10-21 00:19:38
528,TI,76879246,Daniela Martínez Rodríguez,53,Popayán,telefono,18.0,3,activo,2025-10-20 15:51:38
529,CC,57715975,Juan Pérez Torres,20,Armenia,web,,3,activo,2025-10-20 18:32:38
530,CE,81746594,Andrés López Ramírez,25,Armenia,whatsapp,4.0,3,activo,2025-10-20 15:51:38
531,CC,41931426,Felipe Hernández Pérez,81,Pereira,web,,3,activo,2025-10-20 12:07:38
532,TI,30606335,Ana Martínez Pérez,75,Bogotá,telefono,6.0,3,activo,2025-10-20 17:59:38
533,TI,23384596,Daniela Sánchez Gómez,82,Cali,whatsapp,,3,activo,2025-10-20 17:46:38
534,TI,27748209,María Torres Martínez,79,Villavicencio,web,,3,activo,2025-10-20 12:30:38
